Guest,April 10th,6pm,two
Guest,18th January,3 pm,two
Bob,2nd january,3pm,2
Bob,2nd January,3pm,two
Guest,2nd January,3 pm,two
Guest,22nd january ,3 Pm,two
Robert,2nd April,3 pm,two
Robert,2nd April,3 pm,two
Robert,18th April,3pm ,two
Guest,14th January,6 pm,4
Guest,two on 13th january,3 pm,two
Guest,16th january,3pm,two
Guest,15th January,3pm,two
Robert,19th August,3 pm,three
Guest,13th January,afternoon,two
Guest,18/04/23,noon,two
Robert,14th April,afternoon,two
Mustafa,13th January,afternoon,two
Robert,15th December,3 pm,3
Robert,14th December,3 pm,3
